--
-- PostgreSQL database dump
--

-- Dumped from database version 10.14
-- Dumped by pg_dump version 10.14

SET statement_timeout = 0;
SET lock_timeout = 0;
SET idle_in_transaction_session_timeout = 0;
SET client_encoding = 'UTF8';
SET standard_conforming_strings = on;
SELECT pg_catalog.set_config('search_path', '', false);
SET check_function_bodies = false;
SET xmloption = content;
SET client_min_messages = warning;
SET row_security = off;

--
-- Name: plpgsql; Type: EXTENSION; Schema: -; Owner: 
--

CREATE EXTENSION IF NOT EXISTS plpgsql WITH SCHEMA pg_catalog;


--
-- Name: EXTENSION plpgsql; Type: COMMENT; Schema: -; Owner: 
--

COMMENT ON EXTENSION plpgsql IS 'PL/pgSQL procedural language';


SET default_tablespace = '';

SET default_with_oids = false;

--
-- Name: basket_devices; Type: TABLE; Schema: public; Owner: postgres
--

CREATE TABLE public.basket_devices (
    id integer NOT NULL,
    "createdAt" timestamp with time zone NOT NULL,
    "updatedAt" timestamp with time zone NOT NULL,
    "basketId" integer,
    "deviceId" integer
);


ALTER TABLE public.basket_devices OWNER TO postgres;

--
-- Name: basket_devices_id_seq; Type: SEQUENCE; Schema: public; Owner: postgres
--

CREATE SEQUENCE public.basket_devices_id_seq
    AS integer
    START WITH 1
    INCREMENT BY 1
    NO MINVALUE
    NO MAXVALUE
    CACHE 1;


ALTER TABLE public.basket_devices_id_seq OWNER TO postgres;

--
-- Name: basket_devices_id_seq; Type: SEQUENCE OWNED BY; Schema: public; Owner: postgres
--

ALTER SEQUENCE public.basket_devices_id_seq OWNED BY public.basket_devices.id;


--
-- Name: baskets; Type: TABLE; Schema: public; Owner: postgres
--

CREATE TABLE public.baskets (
    id integer NOT NULL,
    "createdAt" timestamp with time zone NOT NULL,
    "updatedAt" timestamp with time zone NOT NULL,
    "userId" integer
);


ALTER TABLE public.baskets OWNER TO postgres;

--
-- Name: baskets_id_seq; Type: SEQUENCE; Schema: public; Owner: postgres
--

CREATE SEQUENCE public.baskets_id_seq
    AS integer
    START WITH 1
    INCREMENT BY 1
    NO MINVALUE
    NO MAXVALUE
    CACHE 1;


ALTER TABLE public.baskets_id_seq OWNER TO postgres;

--
-- Name: baskets_id_seq; Type: SEQUENCE OWNED BY; Schema: public; Owner: postgres
--

ALTER SEQUENCE public.baskets_id_seq OWNED BY public.baskets.id;


--
-- Name: brands; Type: TABLE; Schema: public; Owner: postgres
--

CREATE TABLE public.brands (
    id integer NOT NULL,
    name character varying(255) NOT NULL,
    "createdAt" timestamp with time zone NOT NULL,
    "updatedAt" timestamp with time zone NOT NULL
);


ALTER TABLE public.brands OWNER TO postgres;

--
-- Name: brands_id_seq; Type: SEQUENCE; Schema: public; Owner: postgres
--

CREATE SEQUENCE public.brands_id_seq
    AS integer
    START WITH 1
    INCREMENT BY 1
    NO MINVALUE
    NO MAXVALUE
    CACHE 1;


ALTER TABLE public.brands_id_seq OWNER TO postgres;

--
-- Name: brands_id_seq; Type: SEQUENCE OWNED BY; Schema: public; Owner: postgres
--

ALTER SEQUENCE public.brands_id_seq OWNED BY public.brands.id;


--
-- Name: device_infos; Type: TABLE; Schema: public; Owner: postgres
--

CREATE TABLE public.device_infos (
    id integer NOT NULL,
    title character varying(255) NOT NULL,
    description character varying(255) NOT NULL,
    "createdAt" timestamp with time zone NOT NULL,
    "updatedAt" timestamp with time zone NOT NULL,
    "deviceId" integer
);


ALTER TABLE public.device_infos OWNER TO postgres;

--
-- Name: device_infos_id_seq; Type: SEQUENCE; Schema: public; Owner: postgres
--

CREATE SEQUENCE public.device_infos_id_seq
    AS integer
    START WITH 1
    INCREMENT BY 1
    NO MINVALUE
    NO MAXVALUE
    CACHE 1;


ALTER TABLE public.device_infos_id_seq OWNER TO postgres;

--
-- Name: device_infos_id_seq; Type: SEQUENCE OWNED BY; Schema: public; Owner: postgres
--

ALTER SEQUENCE public.device_infos_id_seq OWNED BY public.device_infos.id;


--
-- Name: devices; Type: TABLE; Schema: public; Owner: postgres
--

CREATE TABLE public.devices (
    id integer NOT NULL,
    name character varying(255) NOT NULL,
    price integer NOT NULL,
    rating integer DEFAULT 0,
    img character varying(255) NOT NULL,
    "createdAt" timestamp with time zone NOT NULL,
    "updatedAt" timestamp with time zone NOT NULL,
    "typeId" integer,
    "brandId" integer
);


ALTER TABLE public.devices OWNER TO postgres;

--
-- Name: devices_id_seq; Type: SEQUENCE; Schema: public; Owner: postgres
--

CREATE SEQUENCE public.devices_id_seq
    AS integer
    START WITH 1
    INCREMENT BY 1
    NO MINVALUE
    NO MAXVALUE
    CACHE 1;


ALTER TABLE public.devices_id_seq OWNER TO postgres;

--
-- Name: devices_id_seq; Type: SEQUENCE OWNED BY; Schema: public; Owner: postgres
--

ALTER SEQUENCE public.devices_id_seq OWNED BY public.devices.id;


--
-- Name: ratings; Type: TABLE; Schema: public; Owner: postgres
--

CREATE TABLE public.ratings (
    id integer NOT NULL,
    rate integer NOT NULL,
    "createdAt" timestamp with time zone NOT NULL,
    "updatedAt" timestamp with time zone NOT NULL,
    "userId" integer,
    "deviceId" integer
);


ALTER TABLE public.ratings OWNER TO postgres;

--
-- Name: ratings_id_seq; Type: SEQUENCE; Schema: public; Owner: postgres
--

CREATE SEQUENCE public.ratings_id_seq
    AS integer
    START WITH 1
    INCREMENT BY 1
    NO MINVALUE
    NO MAXVALUE
    CACHE 1;


ALTER TABLE public.ratings_id_seq OWNER TO postgres;

--
-- Name: ratings_id_seq; Type: SEQUENCE OWNED BY; Schema: public; Owner: postgres
--

ALTER SEQUENCE public.ratings_id_seq OWNED BY public.ratings.id;


--
-- Name: type_brands; Type: TABLE; Schema: public; Owner: postgres
--

CREATE TABLE public.type_brands (
    id integer NOT NULL,
    "createdAt" timestamp with time zone NOT NULL,
    "updatedAt" timestamp with time zone NOT NULL,
    "typeId" integer,
    "brandId" integer
);


ALTER TABLE public.type_brands OWNER TO postgres;

--
-- Name: type_brands_id_seq; Type: SEQUENCE; Schema: public; Owner: postgres
--

CREATE SEQUENCE public.type_brands_id_seq
    AS integer
    START WITH 1
    INCREMENT BY 1
    NO MINVALUE
    NO MAXVALUE
    CACHE 1;


ALTER TABLE public.type_brands_id_seq OWNER TO postgres;

--
-- Name: type_brands_id_seq; Type: SEQUENCE OWNED BY; Schema: public; Owner: postgres
--

ALTER SEQUENCE public.type_brands_id_seq OWNED BY public.type_brands.id;


--
-- Name: types; Type: TABLE; Schema: public; Owner: postgres
--

CREATE TABLE public.types (
    id integer NOT NULL,
    name character varying(255) NOT NULL,
    "createdAt" timestamp with time zone NOT NULL,
    "updatedAt" timestamp with time zone NOT NULL
);


ALTER TABLE public.types OWNER TO postgres;

--
-- Name: types_id_seq; Type: SEQUENCE; Schema: public; Owner: postgres
--

CREATE SEQUENCE public.types_id_seq
    AS integer
    START WITH 1
    INCREMENT BY 1
    NO MINVALUE
    NO MAXVALUE
    CACHE 1;


ALTER TABLE public.types_id_seq OWNER TO postgres;

--
-- Name: types_id_seq; Type: SEQUENCE OWNED BY; Schema: public; Owner: postgres
--

ALTER SEQUENCE public.types_id_seq OWNED BY public.types.id;


--
-- Name: users; Type: TABLE; Schema: public; Owner: postgres
--

CREATE TABLE public.users (
    id integer NOT NULL,
    email character varying(255),
    password character varying(255),
    role character varying(255) DEFAULT 'USER'::character varying,
    "createdAt" timestamp with time zone NOT NULL,
    "updatedAt" timestamp with time zone NOT NULL
);


ALTER TABLE public.users OWNER TO postgres;

--
-- Name: users_id_seq; Type: SEQUENCE; Schema: public; Owner: postgres
--

CREATE SEQUENCE public.users_id_seq
    AS integer
    START WITH 1
    INCREMENT BY 1
    NO MINVALUE
    NO MAXVALUE
    CACHE 1;


ALTER TABLE public.users_id_seq OWNER TO postgres;

--
-- Name: users_id_seq; Type: SEQUENCE OWNED BY; Schema: public; Owner: postgres
--

ALTER SEQUENCE public.users_id_seq OWNED BY public.users.id;


--
-- Name: basket_devices id; Type: DEFAULT; Schema: public; Owner: postgres
--

ALTER TABLE ONLY public.basket_devices ALTER COLUMN id SET DEFAULT nextval('public.basket_devices_id_seq'::regclass);


--
-- Name: baskets id; Type: DEFAULT; Schema: public; Owner: postgres
--

ALTER TABLE ONLY public.baskets ALTER COLUMN id SET DEFAULT nextval('public.baskets_id_seq'::regclass);


--
-- Name: brands id; Type: DEFAULT; Schema: public; Owner: postgres
--

ALTER TABLE ONLY public.brands ALTER COLUMN id SET DEFAULT nextval('public.brands_id_seq'::regclass);


--
-- Name: device_infos id; Type: DEFAULT; Schema: public; Owner: postgres
--

ALTER TABLE ONLY public.device_infos ALTER COLUMN id SET DEFAULT nextval('public.device_infos_id_seq'::regclass);


--
-- Name: devices id; Type: DEFAULT; Schema: public; Owner: postgres
--

ALTER TABLE ONLY public.devices ALTER COLUMN id SET DEFAULT nextval('public.devices_id_seq'::regclass);


--
-- Name: ratings id; Type: DEFAULT; Schema: public; Owner: postgres
--

ALTER TABLE ONLY public.ratings ALTER COLUMN id SET DEFAULT nextval('public.ratings_id_seq'::regclass);


--
-- Name: type_brands id; Type: DEFAULT; Schema: public; Owner: postgres
--

ALTER TABLE ONLY public.type_brands ALTER COLUMN id SET DEFAULT nextval('public.type_brands_id_seq'::regclass);


--
-- Name: types id; Type: DEFAULT; Schema: public; Owner: postgres
--

ALTER TABLE ONLY public.types ALTER COLUMN id SET DEFAULT nextval('public.types_id_seq'::regclass);


--
-- Name: users id; Type: DEFAULT; Schema: public; Owner: postgres
--

ALTER TABLE ONLY public.users ALTER COLUMN id SET DEFAULT nextval('public.users_id_seq'::regclass);


--
-- Data for Name: basket_devices; Type: TABLE DATA; Schema: public; Owner: postgres
--

COPY public.basket_devices (id, "createdAt", "updatedAt", "basketId", "deviceId") FROM stdin;
\.


--
-- Data for Name: baskets; Type: TABLE DATA; Schema: public; Owner: postgres
--

COPY public.baskets (id, "createdAt", "updatedAt", "userId") FROM stdin;
1	2021-02-20 22:01:55.139+03	2021-02-20 22:01:55.139+03	1
2	2021-02-20 22:11:58.666+03	2021-02-20 22:11:58.666+03	2
3	2021-02-20 22:57:03.809+03	2021-02-20 22:57:03.809+03	3
4	2021-02-26 22:12:05.49+03	2021-02-26 22:12:05.49+03	4
5	2021-02-26 22:12:31.716+03	2021-02-26 22:12:31.716+03	5
6	2021-02-26 22:24:11.352+03	2021-02-26 22:24:11.352+03	6
\.


--
-- Data for Name: brands; Type: TABLE DATA; Schema: public; Owner: postgres
--

COPY public.brands (id, name, "createdAt", "updatedAt") FROM stdin;
1	Samsung	2021-02-20 20:31:50.825+03	2021-02-20 20:31:50.825+03
2	Nokia	2021-02-20 20:32:01.085+03	2021-02-20 20:32:01.085+03
4	Lg	2021-03-02 19:20:44.466+03	2021-03-02 19:20:44.466+03
5	Panasonic	2021-03-02 19:21:14.995+03	2021-03-02 19:21:14.995+03
\.


--
-- Data for Name: device_infos; Type: TABLE DATA; Schema: public; Owner: postgres
--

COPY public.device_infos (id, title, description, "createdAt", "updatedAt", "deviceId") FROM stdin;
9	Цвет	Красный	2021-03-02 18:48:44.202+03	2021-03-02 18:48:44.202+03	24
10	Разрешение	Да	2021-03-02 18:48:44.202+03	2021-03-02 18:48:44.202+03	24
11	Цвет	Белый	2021-03-02 19:34:03.959+03	2021-03-02 19:34:03.959+03	25
12	Экран	7'	2021-03-02 19:34:03.96+03	2021-03-02 19:34:03.96+03	25
13	Цвет	Чёрный	2021-03-02 19:36:06.234+03	2021-03-02 19:36:06.234+03	26
14	Экран	9'	2021-03-02 19:36:06.234+03	2021-03-02 19:36:06.234+03	26
15	Цвет	Серый	2021-03-02 19:37:30.601+03	2021-03-02 19:37:30.601+03	27
16	Экран	10'	2021-03-02 19:37:30.601+03	2021-03-02 19:37:30.601+03	27
17	Вес	500гр	2021-03-02 19:37:30.601+03	2021-03-02 19:37:30.601+03	27
\.


--
-- Data for Name: devices; Type: TABLE DATA; Schema: public; Owner: postgres
--

COPY public.devices (id, name, price, rating, img, "createdAt", "updatedAt", "typeId", "brandId") FROM stdin;
1	3310	2000	0	8c9ac833-07e9-4dba-8b6c-0c5b2ae79e38.jpg	2021-02-20 21:00:27.681+03	2021-02-20 21:00:27.681+03	3	2
3	frost -30	2000	0	3dff8fa1-6f37-4236-8159-59f1d48cbf4d.jpg	2021-02-20 21:12:24.306+03	2021-02-20 21:12:24.306+03	1	1
4	Астор	10000	0	ce1b721e-bd5e-45db-892a-5bc60f336195.jpg	2021-02-27 00:58:00.176+03	2021-02-27 00:58:00.176+03	1	1
24	Flatron	150000	0	9da263b0-7fc5-4178-b694-3f52a1a1d001.jpg	2021-03-02 18:48:43.687+03	2021-03-02 18:48:43.687+03	2	1
25	J2	7000	0	dbfe46c9-4c83-4736-a032-fca2370869f9.jpg	2021-03-02 19:34:03.888+03	2021-03-02 19:34:03.888+03	3	1
26	J5	10000	0	c8c8f0d5-bb68-44f6-91bc-f8324851dfc5.jpg	2021-03-02 19:36:06.19+03	2021-03-02 19:36:06.19+03	3	1
27	A10	20000	0	ebe03d18-2628-40a8-8611-60f1965dca2d.jpg	2021-03-02 19:37:30.546+03	2021-03-02 19:37:30.546+03	3	1
\.


--
-- Data for Name: ratings; Type: TABLE DATA; Schema: public; Owner: postgres
--

COPY public.ratings (id, rate, "createdAt", "updatedAt", "userId", "deviceId") FROM stdin;
\.


--
-- Data for Name: type_brands; Type: TABLE DATA; Schema: public; Owner: postgres
--

COPY public.type_brands (id, "createdAt", "updatedAt", "typeId", "brandId") FROM stdin;
\.


--
-- Data for Name: types; Type: TABLE DATA; Schema: public; Owner: postgres
--

COPY public.types (id, name, "createdAt", "updatedAt") FROM stdin;
1	Холодильники	2021-02-20 20:21:41.3+03	2021-02-20 20:21:41.3+03
2	Телевизоры	2021-02-20 20:22:00.543+03	2021-02-20 20:22:00.543+03
3	Смартфоны	2021-02-20 20:58:01.473+03	2021-02-20 20:58:01.473+03
5	Кондиционеры	2021-02-27 00:17:30.543+03	2021-02-27 00:17:30.543+03
\.


--
-- Data for Name: users; Type: TABLE DATA; Schema: public; Owner: postgres
--

COPY public.users (id, email, password, role, "createdAt", "updatedAt") FROM stdin;
1	m@m.r	$2b$05$kBMfkAepCcBkpA8e.gmRvukq4XzUXPa/bP59/lZ2gMS6ldtVjJA1S	USER	2021-02-20 22:01:55.114+03	2021-02-20 22:01:55.114+03
2	m@ma.r	$2b$05$YncJJusIoDD7e17z8cYpyOY4EYCnzYOKd2xQ1MD2vC8C64djMhwRa	USER	2021-02-20 22:11:58.648+03	2021-02-20 22:11:58.648+03
3	admin@mail.ru	$2b$05$bG9sWkEV0HTJaC.by1b6keYR5dGDiw.qXhUgV4mHOrkrPAPwR5fcK	ADMIN	2021-02-20 22:57:03.793+03	2021-02-20 22:57:03.793+03
4	fff@mail.ru	$2b$05$4wlmEI12tIsCKSYOBcEfkO3If1XtvGYwYNY72Z5qktkanzK5eE96C	ADMIN	2021-02-26 22:12:05.324+03	2021-02-26 22:12:05.324+03
5	base@mail.ru	$2b$05$rLIxrUElZ1xuHTms6Dfvwemh0U.JWpr2LSW54n5hPiJZ3WkLsdLHC	ADMIN	2021-02-26 22:12:31.713+03	2021-02-26 22:12:31.713+03
6	aaa@mail.ru	$2b$05$IY/QpgzXchKYB101p4L1d.fCERsEcs5um1oDa9VdEYXTRxXVxJOFO	ADMIN	2021-02-26 22:24:11.325+03	2021-02-26 22:24:11.325+03
\.


--
-- Name: basket_devices_id_seq; Type: SEQUENCE SET; Schema: public; Owner: postgres
--

SELECT pg_catalog.setval('public.basket_devices_id_seq', 1, false);


--
-- Name: baskets_id_seq; Type: SEQUENCE SET; Schema: public; Owner: postgres
--

SELECT pg_catalog.setval('public.baskets_id_seq', 3, true);


--
-- Name: brands_id_seq; Type: SEQUENCE SET; Schema: public; Owner: postgres
--

SELECT pg_catalog.setval('public.brands_id_seq', 5, true);


--
-- Name: device_infos_id_seq; Type: SEQUENCE SET; Schema: public; Owner: postgres
--

SELECT pg_catalog.setval('public.device_infos_id_seq', 17, true);


--
-- Name: devices_id_seq; Type: SEQUENCE SET; Schema: public; Owner: postgres
--

SELECT pg_catalog.setval('public.devices_id_seq', 27, true);


--
-- Name: ratings_id_seq; Type: SEQUENCE SET; Schema: public; Owner: postgres
--

SELECT pg_catalog.setval('public.ratings_id_seq', 1, false);


--
-- Name: type_brands_id_seq; Type: SEQUENCE SET; Schema: public; Owner: postgres
--

SELECT pg_catalog.setval('public.type_brands_id_seq', 1, false);


--
-- Name: types_id_seq; Type: SEQUENCE SET; Schema: public; Owner: postgres
--

SELECT pg_catalog.setval('public.types_id_seq', 4, true);


--
-- Name: users_id_seq; Type: SEQUENCE SET; Schema: public; Owner: postgres
--

SELECT pg_catalog.setval('public.users_id_seq', 3, true);


--
-- Name: basket_devices basket_devices_pkey; Type: CONSTRAINT; Schema: public; Owner: postgres
--

ALTER TABLE ONLY public.basket_devices
    ADD CONSTRAINT basket_devices_pkey PRIMARY KEY (id);


--
-- Name: baskets baskets_pkey; Type: CONSTRAINT; Schema: public; Owner: postgres
--

ALTER TABLE ONLY public.baskets
    ADD CONSTRAINT baskets_pkey PRIMARY KEY (id);


--
-- Name: brands brands_name_key; Type: CONSTRAINT; Schema: public; Owner: postgres
--

ALTER TABLE ONLY public.brands
    ADD CONSTRAINT brands_name_key UNIQUE (name);


--
-- Name: brands brands_pkey; Type: CONSTRAINT; Schema: public; Owner: postgres
--

ALTER TABLE ONLY public.brands
    ADD CONSTRAINT brands_pkey PRIMARY KEY (id);


--
-- Name: device_infos device_infos_pkey; Type: CONSTRAINT; Schema: public; Owner: postgres
--

ALTER TABLE ONLY public.device_infos
    ADD CONSTRAINT device_infos_pkey PRIMARY KEY (id);


--
-- Name: devices devices_name_key; Type: CONSTRAINT; Schema: public; Owner: postgres
--

ALTER TABLE ONLY public.devices
    ADD CONSTRAINT devices_name_key UNIQUE (name);


--
-- Name: devices devices_pkey; Type: CONSTRAINT; Schema: public; Owner: postgres
--

ALTER TABLE ONLY public.devices
    ADD CONSTRAINT devices_pkey PRIMARY KEY (id);


--
-- Name: ratings ratings_pkey; Type: CONSTRAINT; Schema: public; Owner: postgres
--

ALTER TABLE ONLY public.ratings
    ADD CONSTRAINT ratings_pkey PRIMARY KEY (id);


--
-- Name: type_brands type_brands_pkey; Type: CONSTRAINT; Schema: public; Owner: postgres
--

ALTER TABLE ONLY public.type_brands
    ADD CONSTRAINT type_brands_pkey PRIMARY KEY (id);


--
-- Name: type_brands type_brands_typeId_brandId_key; Type: CONSTRAINT; Schema: public; Owner: postgres
--

ALTER TABLE ONLY public.type_brands
    ADD CONSTRAINT "type_brands_typeId_brandId_key" UNIQUE ("typeId", "brandId");


--
-- Name: types types_name_key; Type: CONSTRAINT; Schema: public; Owner: postgres
--

ALTER TABLE ONLY public.types
    ADD CONSTRAINT types_name_key UNIQUE (name);


--
-- Name: types types_pkey; Type: CONSTRAINT; Schema: public; Owner: postgres
--

ALTER TABLE ONLY public.types
    ADD CONSTRAINT types_pkey PRIMARY KEY (id);


--
-- Name: users users_email_key; Type: CONSTRAINT; Schema: public; Owner: postgres
--

ALTER TABLE ONLY public.users
    ADD CONSTRAINT users_email_key UNIQUE (email);


--
-- Name: users users_pkey; Type: CONSTRAINT; Schema: public; Owner: postgres
--

ALTER TABLE ONLY public.users
    ADD CONSTRAINT users_pkey PRIMARY KEY (id);


--
-- Name: basket_devices basket_devices_basketId_fkey; Type: FK CONSTRAINT; Schema: public; Owner: postgres
--

ALTER TABLE ONLY public.basket_devices
    ADD CONSTRAINT "basket_devices_basketId_fkey" FOREIGN KEY ("basketId") REFERENCES public.baskets(id) ON UPDATE CASCADE ON DELETE SET NULL;


--
-- Name: basket_devices basket_devices_deviceId_fkey; Type: FK CONSTRAINT; Schema: public; Owner: postgres
--

ALTER TABLE ONLY public.basket_devices
    ADD CONSTRAINT "basket_devices_deviceId_fkey" FOREIGN KEY ("deviceId") REFERENCES public.devices(id) ON UPDATE CASCADE ON DELETE SET NULL;


--
-- Name: baskets baskets_userId_fkey; Type: FK CONSTRAINT; Schema: public; Owner: postgres
--

ALTER TABLE ONLY public.baskets
    ADD CONSTRAINT "baskets_userId_fkey" FOREIGN KEY ("userId") REFERENCES public.users(id) ON UPDATE CASCADE ON DELETE SET NULL;


--
-- Name: devices devices_brandId_fkey; Type: FK CONSTRAINT; Schema: public; Owner: postgres
--

ALTER TABLE ONLY public.devices
    ADD CONSTRAINT "devices_brandId_fkey" FOREIGN KEY ("brandId") REFERENCES public.brands(id) ON UPDATE CASCADE ON DELETE SET NULL;


--
-- Name: devices devices_typeId_fkey; Type: FK CONSTRAINT; Schema: public; Owner: postgres
--

ALTER TABLE ONLY public.devices
    ADD CONSTRAINT "devices_typeId_fkey" FOREIGN KEY ("typeId") REFERENCES public.types(id) ON UPDATE CASCADE ON DELETE SET NULL;


--
-- Name: ratings ratings_deviceId_fkey; Type: FK CONSTRAINT; Schema: public; Owner: postgres
--

ALTER TABLE ONLY public.ratings
    ADD CONSTRAINT "ratings_deviceId_fkey" FOREIGN KEY ("deviceId") REFERENCES public.devices(id) ON UPDATE CASCADE ON DELETE SET NULL;


--
-- Name: ratings ratings_userId_fkey; Type: FK CONSTRAINT; Schema: public; Owner: postgres
--

ALTER TABLE ONLY public.ratings
    ADD CONSTRAINT "ratings_userId_fkey" FOREIGN KEY ("userId") REFERENCES public.users(id) ON UPDATE CASCADE ON DELETE SET NULL;


--
-- Name: type_brands type_brands_brandId_fkey; Type: FK CONSTRAINT; Schema: public; Owner: postgres
--

ALTER TABLE ONLY public.type_brands
    ADD CONSTRAINT "type_brands_brandId_fkey" FOREIGN KEY ("brandId") REFERENCES public.brands(id) ON UPDATE CASCADE ON DELETE CASCADE;


--
-- Name: type_brands type_brands_typeId_fkey; Type: FK CONSTRAINT; Schema: public; Owner: postgres
--

ALTER TABLE ONLY public.type_brands
    ADD CONSTRAINT "type_brands_typeId_fkey" FOREIGN KEY ("typeId") REFERENCES public.types(id) ON UPDATE CASCADE ON DELETE CASCADE;


--
-- PostgreSQL database dump complete
--

